ID,Description,GeneRatio,BgRatio,pvalue,p.adjust,qvalue,geneID,Count
GO:0001503,ossification, 10/10,429/18614,3.81E-17,2.50E-14,1.33E-14,COL1A1/BMP1/SPP1/TMEM38B/HIF1A/TAPT1/CCDC47/SUCO/RPL38/COL1A2,10
GO:0031214,biomineral tissue development, 5/10,173/18614,1.59E-08,5.21E-06,2.77E-06,COL1A1/SPP1/TMEM38B/HIF1A/COL1A2,5
GO:0032963,collagen metabolic process, 4/10,108/18614,2.19E-07,4.79E-05,2.54E-05,COL1A1/HIF1A/SUCO/COL1A2,4
GO:0051216,cartilage development, 4/10,203/18614,2.74E-06,4.49E-04,2.39E-04,COL1A1/BMP1/HIF1A/TAPT1,4
GO:0030199,collagen fibril organization, 3/10,64/18614,4.57E-06,6.00E-04,3.19E-04,COL1A1/BMP1/COL1A2,3
GO:0001649,osteoblast differentiation, 4/10,250/18614,6.26E-06,6.84E-04,3.64E-04,COL1A1/SPP1/CCDC47/SUCO,4
GO:0061448,connective tissue development, 4/10,275/18614,9.13E-06,8.55E-04,4.54E-04,COL1A1/BMP1/HIF1A/TAPT1,4
GO:0030198,extracellular matrix organization, 4/10,314/18614,1.54E-05,0.001019523,5.41E-04,COL1A1/BMP1/TMEM38B/COL1A2,4
GO:0043062,extracellular structure organization, 4/10,315/18614,1.56E-05,0.001019523,5.41E-04,COL1A1/BMP1/TMEM38B/COL1A2,4
GO:0045229,external encapsulating structure organization, 4/10,317/18614,1.60E-05,0.001019523,5.41E-04,COL1A1/BMP1/TMEM38B/COL1A2,4
GO:0043589,skin morphogenesis, 2/10,12/18614,1.71E-05,0.001019523,5.41E-04,COL1A1/COL1A2,2
GO:0030282,bone mineralization, 3/10,121/18614,3.11E-05,0.001700159,9.03E-04,TMEM38B/HIF1A/COL1A2,3
GO:0048771,tissue remodeling, 3/10,181/18614,1.03E-04,0.005207631,0.002765927,SPP1/HIF1A/SUCO,3
GO:0061036,positive regulation of cartilage development, 2/10,33/18614,1.36E-04,0.006369971,0.00338328,BMP1/TAPT1,2
GO:0060348,bone development, 3/10,235/18614,2.23E-04,0.009765148,0.00518656,COL1A1/TMEM38B/TAPT1,3
GO:0048762,mesenchymal cell differentiation, 3/10,255/18614,2.84E-04,0.011630494,0.0061773,COL1A1/HIF1A/TAPT1,3
GO:0046850,regulation of bone remodeling, 2/10,49/18614,3.01E-04,0.011630494,0.0061773,SPP1/SUCO,2
GO:0032964,collagen biosynthetic process, 2/10,51/18614,3.27E-04,0.011902233,0.006321629,COL1A1/SUCO,2
GO:0060485,mesenchyme development, 3/10,320/18614,5.52E-04,0.019066077,0.010126559,COL1A1/HIF1A/TAPT1,3
GO:0061035,regulation of cartilage development, 2/10,73/18614,6.69E-04,0.021940533,0.011653268,BMP1/TAPT1,2
GO:0071230,cellular response to amino acid stimulus, 2/10,80/18614,8.03E-04,0.024106746,0.012803808,COL1A1/COL1A2,2
GO:0014032,neural crest cell development, 2/10,82/18614,8.43E-04,0.024106746,0.012803808,HIF1A/TAPT1,2
GO:0034103,regulation of tissue remodeling, 2/10,86/18614,9.27E-04,0.024106746,0.012803808,SPP1/SUCO,2
GO:0033273,response to vitamin, 2/10,88/18614,9.70E-04,0.024106746,0.012803808,COL1A1/SPP1,2
GO:0046849,bone remodeling, 2/10,88/18614,9.70E-04,0.024106746,0.012803808,SPP1/SUCO,2
GO:0048864,stem cell development, 2/10,88/18614,9.70E-04,0.024106746,0.012803808,HIF1A/TAPT1,2
GO:0071229,cellular response to acid chemical, 2/10,89/18614,9.92E-04,0.024106746,0.012803808,COL1A1/COL1A2,2
GO:0007029,endoplasmic reticulum organization, 2/10,91/18614,0.001036957,0.02429442,0.012903487,TMEM38B/CCDC47,2
GO:0014033,neural crest cell differentiation, 2/10,95/18614,0.001129354,0.025546774,0.013568649,HIF1A/TAPT1,2
GO:0043200,response to amino acid, 2/10,120/18614,0.001793056,0.039208166,0.02082462,COL1A1/COL1A2,2
GO:0048706,embryonic skeletal system development, 2/10,129/18614,0.002067972,0.043760956,0.023242741,COL1A1/TAPT1,2
GO:0042476,odontogenesis, 2/10,135/18614,0.002261707,0.045566823,0.024201891,COL1A1/COL1A2,2
GO:0001101,response to acid chemical, 2/10,136/18614,0.002294806,0.045566823,0.024201891,COL1A1/COL1A2,2
GO:0046887,positive regulation of hormone secretion, 2/10,138/18614,0.002361695,0.045566823,0.024201891,SPP1/HIF1A,2
GO:0014074,response to purine-containing compound, 2/10,143/18614,0.002532946,0.047474639,0.025215188,COL1A1/TMEM38B,2
GO:0001890,placenta development, 2/10,152/18614,0.002855625,0.051875107,0.027552408,SPP1/HIF1A,2
GO:0007584,response to nutrient, 2/10,156/18614,0.00300496,0.051875107,0.027552408,COL1A1/SPP1,2
GO:0007605,sensory perception of sound, 2/10,156/18614,0.00300496,0.051875107,0.027552408,COL1A1/RPL38,2
GO:0001837,epithelial to mesenchymal transition, 2/10,172/18614,0.003638432,0.061200293,0.03250529,COL1A1/HIF1A,2
GO:0050954,sensory perception of mechanical stimulus, 2/10,179/18614,0.003933606,0.064511141,0.03426378,COL1A1/RPL38,2
GO:0000302,response to reactive oxygen species, 2/10,205/18614,0.00512464,0.067367694,0.03578098,COL1A1/HIF1A,2
GO:0033197,response to vitamin E, 1/10,10/18614,0.005360624,0.067367694,0.03578098,COL1A1,1
GO:0046886,positive regulation of hormone biosynthetic process, 1/10,10/18614,0.005360624,0.067367694,0.03578098,HIF1A,1
GO:0048671,negative regulation of collateral sprouting, 1/10,10/18614,0.005360624,0.067367694,0.03578098,SPP1,1
GO:0060346,bone trabecula formation, 1/10,10/18614,0.005360624,0.067367694,0.03578098,COL1A1,1
GO:0070099,regulation of chemokine-mediated signaling pathway, 1/10,10/18614,0.005360624,0.067367694,0.03578098,HIF1A,1
GO:2001054,negative regulation of mesenchymal cell apoptotic process, 1/10,10/18614,0.005360624,0.067367694,0.03578098,HIF1A,1
GO:0038063,collagen-activated tyrosine kinase receptor signaling pathway, 1/10,11/18614,0.005895262,0.067367694,0.03578098,COL1A1,1
GO:0061418,regulation of transcription from RNA polymerase II promoter in response to hypoxia, 1/10,11/18614,0.005895262,0.067367694,0.03578098,HIF1A,1
GO:0071313,cellular response to caffeine, 1/10,11/18614,0.005895262,0.067367694,0.03578098,TMEM38B,1
GO:2000833,positive regulation of steroid hormone secretion, 1/10,11/18614,0.005895262,0.067367694,0.03578098,SPP1,1
GO:0048705,skeletal system morphogenesis, 2/10,229/18614,0.006354187,0.067367694,0.03578098,COL1A1/BMP1,2
GO:0002069,columnar/cuboidal epithelial cell maturation, 1/10,12/18614,0.00642964,0.067367694,0.03578098,HIF1A,1
GO:0006983,ER overload response, 1/10,12/18614,0.00642964,0.067367694,0.03578098,CCDC47,1
GO:0042447,hormone catabolic process, 1/10,12/18614,0.00642964,0.067367694,0.03578098,SPP1,1
GO:0048681,negative regulation of axon regeneration, 1/10,12/18614,0.00642964,0.067367694,0.03578098,SPP1,1
GO:0071394,cellular response to testosterone stimulus, 1/10,12/18614,0.00642964,0.067367694,0.03578098,SPP1,1
GO:0061430,bone trabecula morphogenesis, 1/10,13/18614,0.006963761,0.067367694,0.03578098,COL1A1,1
GO:0070243,regulation of thymocyte apoptotic process, 1/10,13/18614,0.006963761,0.067367694,0.03578098,HIF1A,1
GO:0070571,negative regulation of neuron projection regeneration, 1/10,13/18614,0.006963761,0.067367694,0.03578098,SPP1,1
GO:1903599,positive regulation of autophagy of mitochondrion, 1/10,13/18614,0.006963761,0.067367694,0.03578098,HIF1A,1
GO:2001053,regulation of mesenchymal cell apoptotic process, 1/10,13/18614,0.006963761,0.067367694,0.03578098,HIF1A,1
GO:0042445,hormone metabolic process, 2/10,241/18614,0.007014924,0.067367694,0.03578098,SPP1/HIF1A,2
GO:0046883,regulation of hormone secretion, 2/10,247/18614,0.007356636,0.067367694,0.03578098,SPP1/HIF1A,2
GO:0048863,stem cell differentiation, 2/10,247/18614,0.007356636,0.067367694,0.03578098,HIF1A/TAPT1,2
GO:0031000,response to caffeine, 1/10,14/18614,0.007497622,0.067367694,0.03578098,TMEM38B,1
GO:0042541,hemoglobin biosynthetic process, 1/10,14/18614,0.007497622,0.067367694,0.03578098,HIF1A,1
GO:0071415,cellular response to purine-containing compound, 1/10,14/18614,0.007497622,0.067367694,0.03578098,TMEM38B,1
GO:0045926,negative regulation of growth, 2/10,252/18614,0.007647132,0.067367694,0.03578098,SPP1/HIF1A,2
GO:0032352,positive regulation of hormone metabolic process, 1/10,15/18614,0.008031226,0.067367694,0.03578098,HIF1A,1
GO:0070278,extracellular matrix constituent secretion, 1/10,15/18614,0.008031226,0.067367694,0.03578098,TMEM38B,1
GO:0097152,mesenchymal cell apoptotic process, 1/10,15/18614,0.008031226,0.067367694,0.03578098,HIF1A,1
GO:0038065,collagen-activated signaling pathway, 1/10,16/18614,0.008564571,0.067367694,0.03578098,COL1A1,1
GO:0060576,intestinal epithelial cell development, 1/10,16/18614,0.008564571,0.067367694,0.03578098,HIF1A,1
GO:0090596,sensory organ morphogenesis, 2/10,269/18614,0.008673481,0.067367694,0.03578098,HIF1A/RPL38,2
GO:0071560,cellular response to transforming growth factor beta stimulus, 2/10,274/18614,0.008986625,0.067367694,0.03578098,COL1A1/COL1A2,2
GO:0006089,lactate metabolic process, 1/10,17/18614,0.009097658,0.067367694,0.03578098,HIF1A,1
GO:0030949,positive regulation of vascular endothelial growth factor receptor signaling pathway, 1/10,17/18614,0.009097658,0.067367694,0.03578098,HIF1A,1
GO:0036005,response to macrophage colony-stimulating factor, 1/10,17/18614,0.009097658,0.067367694,0.03578098,SPP1,1
GO:0070206,protein trimerization, 1/10,17/18614,0.009097658,0.067367694,0.03578098,COL1A2,1
GO:0071559,response to transforming growth factor beta, 2/10,280/18614,0.009369104,0.067367694,0.03578098,COL1A1/COL1A2,2
GO:0019896,axonal transport of mitochondrion, 1/10,18/18614,0.009630487,0.067367694,0.03578098,HIF1A,1
GO:0020027,hemoglobin metabolic process, 1/10,18/18614,0.009630487,0.067367694,0.03578098,HIF1A,1
GO:0036003,positive regulation of transcription from RNA polymerase II promoter in response to stress, 1/10,18/18614,0.009630487,0.067367694,0.03578098,HIF1A,1
GO:0045780,positive regulation of bone resorption, 1/10,18/18614,0.009630487,0.067367694,0.03578098,SPP1,1
GO:0060644,mammary gland epithelial cell differentiation, 1/10,18/18614,0.009630487,0.067367694,0.03578098,HIF1A,1
GO:0061298,retina vasculature development in camera-type eye, 1/10,18/18614,0.009630487,0.067367694,0.03578098,HIF1A,1
GO:0090594,inflammatory response to wounding, 1/10,18/18614,0.009630487,0.067367694,0.03578098,HIF1A,1
GO:1903532,positive regulation of secretion by cell, 2/10,289/18614,0.009956457,0.067367694,0.03578098,SPP1/HIF1A,2
GO:0000028,ribosomal small subunit assembly, 1/10,19/18614,0.010163058,0.067367694,0.03578098,RPL38,1
GO:0070242,thymocyte apoptotic process, 1/10,19/18614,0.010163058,0.067367694,0.03578098,HIF1A,1
GO:1901522,positive regulation of transcription from RNA polymerase II promoter involved in cellular response to chemical stimulus, 1/10,19/18614,0.010163058,0.067367694,0.03578098,HIF1A,1
GO:1902176,negative regulation of oxidative stress-induced intrinsic apoptotic signaling pathway, 1/10,19/18614,0.010163058,0.067367694,0.03578098,HIF1A,1
GO:2000434,regulation of protein neddylation, 1/10,19/18614,0.010163058,0.067367694,0.03578098,HIF1A,1
GO:0048562,embryonic organ morphogenesis, 2/10,294/18614,0.010289788,0.067367694,0.03578098,HIF1A/RPL38,2
GO:0001502,cartilage condensation, 1/10,20/18614,0.010695372,0.067367694,0.03578098,BMP1,1
GO:0042474,middle ear morphogenesis, 1/10,20/18614,0.010695372,0.067367694,0.03578098,RPL38,1
GO:0048670,regulation of collateral sprouting, 1/10,20/18614,0.010695372,0.067367694,0.03578098,SPP1,1
GO:0055093,response to hyperoxia, 1/10,20/18614,0.010695372,0.067367694,0.03578098,COL1A1,1
GO:0060749,mammary gland alveolus development, 1/10,20/18614,0.010695372,0.067367694,0.03578098,HIF1A,1
GO:0061377,mammary gland lobule development, 1/10,20/18614,0.010695372,0.067367694,0.03578098,HIF1A,1
GO:0097709,connective tissue replacement, 1/10,20/18614,0.010695372,0.067367694,0.03578098,HIF1A,1
GO:0006874,intracellular calcium ion homeostasis, 2/10,303/18614,0.010902339,0.067367694,0.03578098,TMEM38B/CCDC47,2
GO:0046879,hormone secretion, 2/10,305/18614,0.011040642,0.067367694,0.03578098,SPP1/HIF1A,2
GO:0030502,negative regulation of bone mineralization, 1/10,21/18614,0.011227428,0.067367694,0.03578098,HIF1A,1
GO:0045821,positive regulation of glycolytic process, 1/10,21/18614,0.011227428,0.067367694,0.03578098,HIF1A,1
GO:1903204,negative regulation of oxidative stress-induced neuron death, 1/10,21/18614,0.011227428,0.067367694,0.03578098,HIF1A,1
GO:0043588,skin development, 2/10,308/18614,0.011249576,0.067367694,0.03578098,COL1A1/COL1A2,2
GO:0009914,hormone transport, 2/10,315/18614,0.011743973,0.067367694,0.03578098,SPP1/HIF1A,2
GO:0010881,regulation of cardiac muscle contraction by regulation of the release of sequestered calcium ion, 1/10,22/18614,0.011759226,0.067367694,0.03578098,TMEM38B,1
GO:0051000,positive regulation of nitric-oxide synthase activity, 1/10,22/18614,0.011759226,0.067367694,0.03578098,HIF1A,1
GO:2000831,regulation of steroid hormone secretion, 1/10,22/18614,0.011759226,0.067367694,0.03578098,SPP1,1
GO:0051047,positive regulation of secretion, 2/10,317/18614,0.011886992,0.067367694,0.03578098,SPP1/HIF1A,2
GO:0002070,epithelial cell maturation, 1/10,23/18614,0.012290767,0.067367694,0.03578098,HIF1A,1
GO:0045048,protein insertion into ER membrane, 1/10,23/18614,0.012290767,0.067367694,0.03578098,CCDC47,1
GO:0046716,muscle cell cellular homeostasis, 1/10,23/18614,0.012290767,0.067367694,0.03578098,HIF1A,1
GO:0055074,calcium ion homeostasis, 2/10,327/18614,0.01261377,0.067367694,0.03578098,TMEM38B/CCDC47,2
GO:0014850,response to muscle activity, 1/10,24/18614,0.01282205,0.067367694,0.03578098,HIF1A,1
GO:0035162,embryonic hemopoiesis, 1/10,24/18614,0.01282205,0.067367694,0.03578098,HIF1A,1
GO:0060571,morphogenesis of an epithelial fold, 1/10,24/18614,0.01282205,0.067367694,0.03578098,HIF1A,1
GO:0070233,negative regulation of T cell apoptotic process, 1/10,24/18614,0.01282205,0.067367694,0.03578098,HIF1A,1
GO:0098743,cell aggregation, 1/10,24/18614,0.01282205,0.067367694,0.03578098,BMP1,1
GO:0070482,response to oxygen levels, 2/10,333/18614,0.013059129,0.067367694,0.03578098,COL1A1/HIF1A,2
GO:0000027,ribosomal large subunit assembly, 1/10,25/18614,0.013353077,0.067367694,0.03578098,RPL38,1
GO:0006706,steroid catabolic process, 1/10,25/18614,0.013353077,0.067367694,0.03578098,SPP1,1
GO:0046697,decidualization, 1/10,25/18614,0.013353077,0.067367694,0.03578098,SPP1,1
GO:0046885,regulation of hormone biosynthetic process, 1/10,25/18614,0.013353077,0.067367694,0.03578098,HIF1A,1
GO:0048545,response to steroid hormone, 2/10,339/18614,0.013511408,0.067367694,0.03578098,COL1A1/SPP1,2
GO:0010882,regulation of cardiac muscle contraction by calcium ion signaling, 1/10,26/18614,0.013883846,0.067367694,0.03578098,TMEM38B,1
GO:0032469,endoplasmic reticulum calcium ion homeostasis, 1/10,26/18614,0.013883846,0.067367694,0.03578098,CCDC47,1
GO:0060343,trabecula formation, 1/10,26/18614,0.013883846,0.067367694,0.03578098,COL1A1,1
GO:0060575,intestinal epithelial cell differentiation, 1/10,26/18614,0.013883846,0.067367694,0.03578098,HIF1A,1
GO:0032967,positive regulation of collagen biosynthetic process, 1/10,27/18614,0.014414358,0.067367694,0.03578098,SUCO,1
GO:0034643,"establishment of mitochondrion localization, microtubule-mediated", 1/10,27/18614,0.014414358,0.067367694,0.03578098,HIF1A,1
GO:0035929,steroid hormone secretion, 1/10,27/18614,0.014414358,0.067367694,0.03578098,SPP1,1
GO:0036296,response to increased oxygen levels, 1/10,27/18614,0.014414358,0.067367694,0.03578098,COL1A1,1
GO:0047497,mitochondrion transport along microtubule, 1/10,27/18614,0.014414358,0.067367694,0.03578098,HIF1A,1
GO:0048668,collateral sprouting, 1/10,27/18614,0.014414358,0.067367694,0.03578098,SPP1,1
GO:0051291,protein heterooligomerization, 1/10,27/18614,0.014414358,0.067367694,0.03578098,COL1A2,1
GO:0010714,positive regulation of collagen metabolic process, 1/10,28/18614,0.014944614,0.067367694,0.03578098,SUCO,1
GO:0045116,protein neddylation, 1/10,28/18614,0.014944614,0.067367694,0.03578098,HIF1A,1
GO:0045724,positive regulation of cilium assembly, 1/10,28/18614,0.014944614,0.067367694,0.03578098,TAPT1,1
GO:0048679,regulation of axon regeneration, 1/10,28/18614,0.014944614,0.067367694,0.03578098,SPP1,1
GO:0060479,lung cell differentiation, 1/10,28/18614,0.014944614,0.067367694,0.03578098,TMEM38B,1
GO:0060487,lung epithelial cell differentiation, 1/10,28/18614,0.014944614,0.067367694,0.03578098,TMEM38B,1
GO:0002052,positive regulation of neuroblast proliferation, 1/10,29/18614,0.015474612,0.067367694,0.03578098,HIF1A,1
GO:0010575,positive regulation of vascular endothelial growth factor production, 1/10,29/18614,0.015474612,0.067367694,0.03578098,HIF1A,1
GO:1900017,positive regulation of cytokine production involved in inflammatory response, 1/10,29/18614,0.015474612,0.067367694,0.03578098,HIF1A,1
GO:1902175,regulation of oxidative stress-induced intrinsic apoptotic signaling pathway, 1/10,29/18614,0.015474612,0.067367694,0.03578098,HIF1A,1
GO:0008209,androgen metabolic process, 1/10,30/18614,0.016004354,0.067367694,0.03578098,SPP1,1
GO:0034505,tooth mineralization, 1/10,30/18614,0.016004354,0.067367694,0.03578098,COL1A1,1
GO:0035774,positive regulation of insulin secretion involved in cellular response to glucose stimulus, 1/10,30/18614,0.016004354,0.067367694,0.03578098,HIF1A,1
GO:0070168,negative regulation of biomineral tissue development, 1/10,30/18614,0.016004354,0.067367694,0.03578098,HIF1A,1
GO:0001958,endochondral ossification, 1/10,31/18614,0.01653384,0.067367694,0.03578098,COL1A1,1
GO:0010039,response to iron ion, 1/10,31/18614,0.01653384,0.067367694,0.03578098,HIF1A,1
GO:0010880,regulation of release of sequestered calcium ion into cytosol by sarcoplasmic reticulum, 1/10,31/18614,0.01653384,0.067367694,0.03578098,TMEM38B,1
GO:0036075,replacement ossification, 1/10,31/18614,0.01653384,0.067367694,0.03578098,COL1A1,1
GO:0051654,establishment of mitochondrion localization, 1/10,31/18614,0.01653384,0.067367694,0.03578098,HIF1A,1
GO:0060325,face morphogenesis, 1/10,31/18614,0.01653384,0.067367694,0.03578098,COL1A1,1
GO:0070570,regulation of neuron projection regeneration, 1/10,31/18614,0.01653384,0.067367694,0.03578098,SPP1,1
GO:1903203,regulation of oxidative stress-induced neuron death, 1/10,31/18614,0.01653384,0.067367694,0.03578098,HIF1A,1
GO:0050767,regulation of neurogenesis, 2/10,381/18614,0.016867812,0.068252274,0.036250807,SPP1/HIF1A,2
GO:0032770,positive regulation of monooxygenase activity, 1/10,32/18614,0.017063068,0.068252274,0.036250807,HIF1A,1
GO:0071295,cellular response to vitamin, 1/10,32/18614,0.017063068,0.068252274,0.036250807,COL1A1,1
GO:0030947,regulation of vascular endothelial growth factor receptor signaling pathway, 1/10,33/18614,0.017592041,0.069520355,0.036924322,HIF1A,1
GO:1903715,regulation of aerobic respiration, 1/10,33/18614,0.017592041,0.069520355,0.036924322,HIF1A,1
GO:0001782,B cell homeostasis, 1/10,34/18614,0.018120758,0.069924806,0.037139138,HIF1A,1
GO:0036475,neuron death in response to oxidative stress, 1/10,34/18614,0.018120758,0.069924806,0.037139138,HIF1A,1
GO:0045648,positive regulation of erythrocyte differentiation, 1/10,34/18614,0.018120758,0.069924806,0.037139138,HIF1A,1
GO:0060351,cartilage development involved in endochondral bone morphogenesis, 1/10,34/18614,0.018120758,0.069924806,0.037139138,COL1A1,1
GO:0001893,maternal placenta development, 1/10,35/18614,0.018649218,0.071127249,0.037777791,SPP1,1
GO:0014808,release of sequestered calcium ion into cytosol by sarcoplasmic reticulum, 1/10,35/18614,0.018649218,0.071127249,0.037777791,TMEM38B,1
GO:0002068,glandular epithelial cell development, 1/10,36/18614,0.019177422,0.071887937,0.038181815,HIF1A,1
GO:1903514,release of sequestered calcium ion into cytosol by endoplasmic reticulum, 1/10,36/18614,0.019177422,0.071887937,0.038181815,TMEM38B,1
GO:1903580,positive regulation of ATP metabolic process, 1/10,36/18614,0.019177422,0.071887937,0.038181815,HIF1A,1
GO:0033280,response to vitamin D, 1/10,37/18614,0.019705371,0.07221633,0.038356234,SPP1,1
GO:0060323,head morphogenesis, 1/10,37/18614,0.019705371,0.07221633,0.038356234,COL1A1,1
GO:0071312,cellular response to alkaloid, 1/10,37/18614,0.019705371,0.07221633,0.038356234,TMEM38B,1
GO:1903146,regulation of autophagy of mitochondrion, 1/10,37/18614,0.019705371,0.07221633,0.038356234,HIF1A,1
GO:0043618,regulation of transcription from RNA polymerase II promoter in response to stress, 1/10,38/18614,0.020233063,0.073219829,0.038889222,HIF1A,1
GO:0070229,negative regulation of lymphocyte apoptotic process, 1/10,38/18614,0.020233063,0.073219829,0.038889222,HIF1A,1
GO:0003002,regionalization, 2/10,422/18614,0.020456664,0.073219829,0.038889222,BMP1/HIF1A,2
GO:0030279,negative regulation of ossification, 1/10,39/18614,0.0207605,0.073219829,0.038889222,HIF1A,1
GO:0032350,regulation of hormone metabolic process, 1/10,39/18614,0.0207605,0.073219829,0.038889222,HIF1A,1
GO:0044060,regulation of endocrine process, 1/10,39/18614,0.0207605,0.073219829,0.038889222,SPP1,1
GO:0070232,regulation of T cell apoptotic process, 1/10,39/18614,0.0207605,0.073219829,0.038889222,HIF1A,1
GO:0071634,regulation of transforming growth factor beta production, 1/10,40/18614,0.021287682,0.073897572,0.039249192,HIF1A,1
GO:0006979,response to oxidative stress, 2/10,434/18614,0.021563648,0.073897572,0.039249192,COL1A1/HIF1A,2
GO:0032965,regulation of collagen biosynthetic process, 1/10,41/18614,0.021814608,0.073897572,0.039249192,SUCO,1
GO:0042060,wound healing, 2/10,439/18614,0.02203231,0.073897572,0.039249192,COL1A1/HIF1A,2
GO:0007595,lactation, 1/10,42/18614,0.022341278,0.073897572,0.039249192,HIF1A,1
GO:0045124,regulation of bone resorption, 1/10,42/18614,0.022341278,0.073897572,0.039249192,SPP1,1
GO:0045981,positive regulation of nucleotide metabolic process, 1/10,42/18614,0.022341278,0.073897572,0.039249192,HIF1A,1
GO:0050999,regulation of nitric-oxide synthase activity, 1/10,42/18614,0.022341278,0.073897572,0.039249192,HIF1A,1
GO:0070296,sarcoplasmic reticulum calcium ion transport, 1/10,42/18614,0.022341278,0.073897572,0.039249192,TMEM38B,1
GO:0071542,dopaminergic neuron differentiation, 1/10,42/18614,0.022341278,0.073897572,0.039249192,HIF1A,1
GO:0085029,extracellular matrix assembly, 1/10,42/18614,0.022341278,0.073897572,0.039249192,COL1A2,1
GO:1900544,positive regulation of purine nucleotide metabolic process, 1/10,42/18614,0.022341278,0.073897572,0.039249192,HIF1A,1
GO:0031670,cellular response to nutrient, 1/10,43/18614,0.022867694,0.073897572,0.039249192,COL1A1,1
GO:0033574,response to testosterone, 1/10,43/18614,0.022867694,0.073897572,0.039249192,SPP1,1
GO:0060428,lung epithelium development, 1/10,43/18614,0.022867694,0.073897572,0.039249192,TMEM38B,1
GO:0071364,cellular response to epidermal growth factor stimulus, 1/10,43/18614,0.022867694,0.073897572,0.039249192,COL1A1,1
GO:0071604,transforming growth factor beta production, 1/10,43/18614,0.022867694,0.073897572,0.039249192,HIF1A,1
GO:0048568,embryonic organ development, 2/10,453/18614,0.023367542,0.074860333,0.039760543,HIF1A/RPL38,2
GO:0043620,regulation of DNA-templated transcription in response to stress, 1/10,44/18614,0.023393854,0.074860333,0.039760543,HIF1A,1
GO:0008631,intrinsic apoptotic signaling pathway in response to oxidative stress, 1/10,45/18614,0.023919759,0.07548778,0.040093798,HIF1A,1
GO:1902692,regulation of neuroblast proliferation, 1/10,45/18614,0.023919759,0.07548778,0.040093798,HIF1A,1
GO:0051960,regulation of nervous system development, 2/10,461/18614,0.024145599,0.07548778,0.040093798,SPP1/HIF1A,2
GO:0010712,regulation of collagen metabolic process, 1/10,46/18614,0.02444541,0.07548778,0.040093798,SUCO,1
GO:2000273,positive regulation of signaling receptor activity, 1/10,46/18614,0.02444541,0.07548778,0.040093798,HIF1A,1
GO:0007389,pattern specification process, 2/10,467/18614,0.024736266,0.07548778,0.040093798,BMP1/HIF1A,2
GO:0006984,ER-nucleus signaling pathway, 1/10,47/18614,0.024970805,0.07548778,0.040093798,CCDC47,1
GO:0045646,regulation of erythrocyte differentiation, 1/10,47/18614,0.024970805,0.07548778,0.040093798,HIF1A,1
GO:0048286,lung alveolus development, 1/10,47/18614,0.024970805,0.07548778,0.040093798,TMEM38B,1
GO:0061383,trabecula morphogenesis, 1/10,47/18614,0.024970805,0.07548778,0.040093798,COL1A1,1
GO:0070849,response to epidermal growth factor, 1/10,47/18614,0.024970805,0.07548778,0.040093798,COL1A1,1
GO:0140353,lipid export from cell, 1/10,47/18614,0.024970805,0.07548778,0.040093798,SPP1,1
GO:0006110,regulation of glycolytic process, 1/10,48/18614,0.025495946,0.076371419,0.040563125,HIF1A,1
GO:0008542,visual learning, 1/10,48/18614,0.025495946,0.076371419,0.040563125,HIF1A,1
GO:0031667,response to nutrient levels, 2/10,477/18614,0.025734171,0.07673462,0.040756032,COL1A1/SPP1,2
GO:0010171,body morphogenesis, 1/10,49/18614,0.026020833,0.077052322,0.040924773,COL1A1,1
GO:0023061,signal release, 2/10,483/18614,0.026340931,0.077052322,0.040924773,SPP1/HIF1A,2
GO:0002066,columnar/cuboidal epithelial cell development, 1/10,50/18614,0.026545465,0.077052322,0.040924773,HIF1A,1
GO:0043457,regulation of cellular respiration, 1/10,50/18614,0.026545465,0.077052322,0.040924773,HIF1A,1
GO:0048546,digestive tract morphogenesis, 1/10,50/18614,0.026545465,0.077052322,0.040924773,HIF1A,1
GO:2000378,negative regulation of reactive oxygen species metabolic process, 1/10,50/18614,0.026545465,0.077052322,0.040924773,HIF1A,1
GO:0051646,mitochondrion localization, 1/10,51/18614,0.027069842,0.07754505,0.041186475,HIF1A,1
GO:0061178,regulation of insulin secretion involved in cellular response to glucose stimulus, 1/10,51/18614,0.027069842,0.07754505,0.041186475,HIF1A,1
GO:1902895,positive regulation of miRNA transcription, 1/10,51/18614,0.027069842,0.07754505,0.041186475,HIF1A,1
GO:0031103,axon regeneration, 1/10,52/18614,0.027593965,0.078362084,0.041620426,SPP1,1
GO:0060324,face development, 1/10,52/18614,0.027593965,0.078362084,0.041620426,COL1A1,1
GO:0007632,visual behavior, 1/10,54/18614,0.02864145,0.080638589,0.042829546,HIF1A,1
GO:2000179,positive regulation of neural precursor cell proliferation, 1/10,54/18614,0.02864145,0.080638589,0.042829546,HIF1A,1
GO:1903202,negative regulation of oxidative stress-induced cell death, 1/10,55/18614,0.029164811,0.08176118,0.043425787,HIF1A,1
GO:0060986,endocrine hormone secretion, 1/10,56/18614,0.029687919,0.082174155,0.04364513,SPP1,1
GO:0070231,T cell apoptotic process, 1/10,56/18614,0.029687919,0.082174155,0.04364513,HIF1A,1
GO:2000107,negative regulation of leukocyte apoptotic process, 1/10,56/18614,0.029687919,0.082174155,0.04364513,HIF1A,1
GO:0007566,embryo implantation, 1/10,57/18614,0.030210772,0.082576111,0.043858621,SPP1,1
GO:0032768,regulation of monooxygenase activity, 1/10,57/18614,0.030210772,0.082576111,0.043858621,HIF1A,1
GO:0043470,regulation of carbohydrate catabolic process, 1/10,57/18614,0.030210772,0.082576111,0.043858621,HIF1A,1
GO:0001755,neural crest cell migration, 1/10,58/18614,0.030733373,0.082723195,0.043936742,HIF1A,1
GO:0010718,positive regulation of epithelial to mesenchymal transition, 1/10,58/18614,0.030733373,0.082723195,0.043936742,COL1A1,1
GO:0048010,vascular endothelial growth factor receptor signaling pathway, 1/10,58/18614,0.030733373,0.082723195,0.043936742,HIF1A,1
GO:0001961,positive regulation of cytokine-mediated signaling pathway, 1/10,59/18614,0.031255719,0.082723195,0.043936742,HIF1A,1
GO:0010574,regulation of vascular endothelial growth factor production, 1/10,59/18614,0.031255719,0.082723195,0.043936742,HIF1A,1
GO:0031102,neuron projection regeneration, 1/10,59/18614,0.031255719,0.082723195,0.043936742,SPP1,1
GO:0070228,regulation of lymphocyte apoptotic process, 1/10,59/18614,0.031255719,0.082723195,0.043936742,HIF1A,1
GO:0032007,negative regulation of TOR signaling, 1/10,60/18614,0.031777813,0.082723195,0.043936742,HIF1A,1
GO:0042255,ribosome assembly, 1/10,60/18614,0.031777813,0.082723195,0.043936742,RPL38,1
GO:0060350,endochondral bone morphogenesis, 1/10,60/18614,0.031777813,0.082723195,0.043936742,COL1A1,1
GO:0090497,mesenchymal cell migration, 1/10,60/18614,0.031777813,0.082723195,0.043936742,HIF1A,1
GO:2000630,positive regulation of miRNA metabolic process, 1/10,60/18614,0.031777813,0.082723195,0.043936742,HIF1A,1
GO:0035773,insulin secretion involved in cellular response to glucose stimulus, 1/10,61/18614,0.032299653,0.083419576,0.044306611,HIF1A,1
GO:0060135,maternal process involved in female pregnancy, 1/10,61/18614,0.032299653,0.083419576,0.044306611,SPP1,1
GO:0010573,vascular endothelial growth factor production, 1/10,63/18614,0.033342574,0.085440346,0.045379901,HIF1A,1
GO:0051353,positive regulation of oxidoreductase activity, 1/10,63/18614,0.033342574,0.085440346,0.045379901,HIF1A,1
GO:0045453,bone resorption, 1/10,64/18614,0.033863655,0.086102937,0.045731823,SPP1,1
GO:0071300,cellular response to retinoic acid, 1/10,64/18614,0.033863655,0.086102937,0.045731823,COL1A1,1
GO:0001947,heart looping, 1/10,65/18614,0.034384483,0.086406485,0.045893046,HIF1A,1
GO:0006879,intracellular iron ion homeostasis, 1/10,65/18614,0.034384483,0.086406485,0.045893046,HIF1A,1
GO:0098930,axonal transport, 1/10,65/18614,0.034384483,0.086406485,0.045893046,HIF1A,1
GO:0010812,negative regulation of cell-substrate adhesion, 1/10,66/18614,0.034905059,0.086406485,0.045893046,COL1A1,1
GO:0050771,negative regulation of axonogenesis, 1/10,66/18614,0.034905059,0.086406485,0.045893046,SPP1,1
GO:0060760,positive regulation of response to cytokine stimulus, 1/10,66/18614,0.034905059,0.086406485,0.045893046,HIF1A,1
GO:1902017,regulation of cilium assembly, 1/10,66/18614,0.034905059,0.086406485,0.045893046,TAPT1,1
GO:0042446,hormone biosynthetic process, 1/10,67/18614,0.035425382,0.087037642,0.046228272,HIF1A,1
GO:0051205,protein insertion into membrane, 1/10,67/18614,0.035425382,0.087037642,0.046228272,CCDC47,1
GO:0061180,mammary gland epithelium development, 1/10,68/18614,0.035945452,0.087658797,0.046558187,HIF1A,1
GO:1902893,regulation of miRNA transcription, 1/10,68/18614,0.035945452,0.087658797,0.046558187,HIF1A,1
GO:0042273,ribosomal large subunit biogenesis, 1/10,69/18614,0.03646527,0.088270174,0.046882907,RPL38,1
GO:0061614,miRNA transcription, 1/10,69/18614,0.03646527,0.088270174,0.046882907,HIF1A,1
GO:0014823,response to activity, 1/10,70/18614,0.036984836,0.088547636,0.047030275,HIF1A,1
GO:0032722,positive regulation of chemokine production, 1/10,70/18614,0.036984836,0.088547636,0.047030275,HIF1A,1
GO:0061371,determination of heart left/right asymmetry, 1/10,70/18614,0.036984836,0.088547636,0.047030275,HIF1A,1
GO:0003143,embryonic heart tube morphogenesis, 1/10,71/18614,0.037504149,0.089140297,0.047345055,HIF1A,1
GO:0003208,cardiac ventricle morphogenesis, 1/10,71/18614,0.037504149,0.089140297,0.047345055,HIF1A,1
GO:0002260,lymphocyte homeostasis, 1/10,72/18614,0.038023211,0.090047749,0.04782703,HIF1A,1
GO:0007405,neuroblast proliferation, 1/10,73/18614,0.038542021,0.090622099,0.048132084,HIF1A,1
GO:0071260,cellular response to mechanical stimulus, 1/10,73/18614,0.038542021,0.090622099,0.048132084,COL1A1,1
GO:0002067,glandular epithelial cell differentiation, 1/10,74/18614,0.039060578,0.091100871,0.048386374,HIF1A,1
GO:1903578,regulation of ATP metabolic process, 1/10,74/18614,0.039060578,0.091100871,0.048386374,HIF1A,1
GO:0010822,positive regulation of mitochondrion organization, 1/10,75/18614,0.039578884,0.091100871,0.048386374,HIF1A,1
GO:0016239,positive regulation of macroautophagy, 1/10,75/18614,0.039578884,0.091100871,0.048386374,HIF1A,1
GO:0043536,positive regulation of blood vessel endothelial cell migration, 1/10,75/18614,0.039578884,0.091100871,0.048386374,HIF1A,1
GO:0045669,positive regulation of osteoblast differentiation, 1/10,75/18614,0.039578884,0.091100871,0.048386374,SUCO,1
GO:0002534,cytokine production involved in inflammatory response, 1/10,78/18614,0.041132293,0.093044084,0.049418472,HIF1A,1
GO:0008088,axo-dendritic transport, 1/10,78/18614,0.041132293,0.093044084,0.049418472,HIF1A,1
GO:0042274,ribosomal small subunit biogenesis, 1/10,78/18614,0.041132293,0.093044084,0.049418472,RPL38,1
GO:0055117,regulation of cardiac muscle contraction, 1/10,78/18614,0.041132293,0.093044084,0.049418472,TMEM38B,1
GO:1900015,regulation of cytokine production involved in inflammatory response, 1/10,78/18614,0.041132293,0.093044084,0.049418472,HIF1A,1
GO:0045913,positive regulation of carbohydrate metabolic process, 1/10,79/18614,0.041649594,0.09356895,0.049697244,HIF1A,1
GO:1903201,regulation of oxidative stress-induced cell death, 1/10,79/18614,0.041649594,0.09356895,0.049697244,HIF1A,1
GO:0030500,regulation of bone mineralization, 1/10,80/18614,0.042166643,0.094086114,0.049971925,HIF1A,1
GO:0070227,lymphocyte apoptotic process, 1/10,80/18614,0.042166643,0.094086114,0.049971925,HIF1A,1
GO:1902117,positive regulation of organelle assembly, 1/10,81/18614,0.042683441,0.094595733,0.050242599,TAPT1,1
GO:2000628,regulation of miRNA metabolic process, 1/10,81/18614,0.042683441,0.094595733,0.050242599,HIF1A,1
GO:0003151,outflow tract morphogenesis, 1/10,82/18614,0.043199988,0.095097959,0.050509346,HIF1A,1
GO:0051279,regulation of release of sequestered calcium ion into cytosol, 1/10,82/18614,0.043199988,0.095097959,0.050509346,TMEM38B,1
GO:0030433,ubiquitin-dependent ERAD pathway, 1/10,83/18614,0.043716284,0.09559294,0.050772245,CCDC47,1
GO:0032024,positive regulation of insulin secretion, 1/10,83/18614,0.043716284,0.09559294,0.050772245,HIF1A,1
GO:0006096,glycolytic process, 1/10,85/18614,0.044748124,0.096880427,0.051456067,HIF1A,1
GO:0035050,embryonic heart tube development, 1/10,85/18614,0.044748124,0.096880427,0.051456067,HIF1A,1
GO:0098586,cellular response to virus, 1/10,85/18614,0.044748124,0.096880427,0.051456067,HIF1A,1
GO:0006757,ATP generation from ADP, 1/10,86/18614,0.045263668,0.097353988,0.05170759,HIF1A,1
GO:0008306,associative learning, 1/10,86/18614,0.045263668,0.097353988,0.05170759,HIF1A,1
GO:0032370,positive regulation of lipid transport, 1/10,87/18614,0.045778962,0.097820844,0.051955551,SPP1,1
GO:0048678,response to axon injury, 1/10,87/18614,0.045778962,0.097820844,0.051955551,SPP1,1
GO:0001892,embryonic placenta development, 1/10,89/18614,0.046808799,0.0984185,0.052272984,HIF1A,1
GO:0007589,body fluid secretion, 1/10,89/18614,0.046808799,0.0984185,0.052272984,HIF1A,1
GO:0051591,response to cAMP, 1/10,89/18614,0.046808799,0.0984185,0.052272984,COL1A1,1
GO:0055072,iron ion homeostasis, 1/10,89/18614,0.046808799,0.0984185,0.052272984,HIF1A,1
GO:2000177,regulation of neural precursor cell proliferation, 1/10,89/18614,0.046808799,0.0984185,0.052272984,HIF1A,1
GO:2000106,regulation of leukocyte apoptotic process, 1/10,90/18614,0.047323342,0.099182467,0.052678749,HIF1A,1
GO:0070098,chemokine-mediated signaling pathway, 1/10,91/18614,0.047837635,0.099623773,0.05291314,HIF1A,1
GO:0072384,organelle transport along microtubule, 1/10,91/18614,0.047837635,0.099623773,0.05291314,HIF1A,1
GO:0000422,autophagy of mitochondrion, 1/10,92/18614,0.048351678,0.099744342,0.052977178,HIF1A,1
GO:0009791,post-embryonic development, 1/10,92/18614,0.048351678,0.099744342,0.052977178,CCDC47,1
GO:0061726,mitochondrion disassembly, 1/10,92/18614,0.048351678,0.099744342,0.052977178,HIF1A,1
GO:0050886,endocrine process, 1/10,93/18614,0.048865472,0.099862148,0.053039748,SPP1,1
GO:1900542,regulation of purine nucleotide metabolic process, 1/10,93/18614,0.048865472,0.099862148,0.053039748,HIF1A,1
GO:1903035,negative regulation of response to wounding, 1/10,93/18614,0.048865472,0.099862148,0.053039748,SPP1,1
GO:0006140,regulation of nucleotide metabolic process, 1/10,94/18614,0.049379016,0.099977266,0.053100891,HIF1A,1
GO:0046031,ADP metabolic process, 1/10,94/18614,0.049379016,0.099977266,0.053100891,HIF1A,1
GO:1900407,regulation of cellular response to oxidative stress, 1/10,94/18614,0.049379016,0.099977266,0.053100891,HIF1A,1
GO:0009953,dorsal/ventral pattern formation, 1/10,95/18614,0.04989231,0.100705708,0.053487788,BMP1,1
GO:0006942,regulation of striated muscle contraction, 1/10,97/18614,0.05091815,0.101412511,0.053863192,TMEM38B,1
GO:0010586,miRNA metabolic process, 1/10,97/18614,0.05091815,0.101412511,0.053863192,HIF1A,1
GO:0014020,primary neural tube formation, 1/10,97/18614,0.05091815,0.101412511,0.053863192,HIF1A,1
GO:0032642,regulation of chemokine production, 1/10,98/18614,0.051430696,0.101412511,0.053863192,HIF1A,1
GO:0043279,response to alkaloid, 1/10,98/18614,0.051430696,0.101412511,0.053863192,TMEM38B,1
GO:0032602,chemokine production, 1/10,99/18614,0.051942993,0.101412511,0.053863192,HIF1A,1
GO:0036473,cell death in response to oxidative stress, 1/10,99/18614,0.051942993,0.101412511,0.053863192,HIF1A,1
GO:0060349,bone morphogenesis, 1/10,99/18614,0.051942993,0.101412511,0.053863192,COL1A1,1
GO:1990868,response to chemokine, 1/10,99/18614,0.051942993,0.101412511,0.053863192,HIF1A,1
GO:1990869,cellular response to chemokine, 1/10,99/18614,0.051942993,0.101412511,0.053863192,HIF1A,1
GO:2001243,negative regulation of intrinsic apoptotic signaling pathway, 1/10,99/18614,0.051942993,0.101412511,0.053863192,HIF1A,1
GO:0070167,regulation of biomineral tissue development, 1/10,101/18614,0.052966841,0.103104592,0.054761906,HIF1A,1
GO:0002532,production of molecular mediator involved in inflammatory response, 1/10,102/18614,0.053478391,0.103486208,0.054964594,HIF1A,1
GO:0006165,nucleoside diphosphate phosphorylation, 1/10,102/18614,0.053478391,0.103486208,0.054964594,HIF1A,1
GO:0001776,leukocyte homeostasis, 1/10,103/18614,0.053989693,0.103559176,0.05500335,HIF1A,1
GO:0045639,positive regulation of myeloid cell differentiation, 1/10,103/18614,0.053989693,0.103559176,0.05500335,HIF1A,1
GO:1902882,regulation of response to oxidative stress, 1/10,103/18614,0.053989693,0.103559176,0.05500335,HIF1A,1
GO:0046939,nucleotide phosphorylation, 1/10,104/18614,0.054500746,0.104234662,0.05536212,HIF1A,1
GO:0001841,neural tube formation, 1/10,105/18614,0.05501155,0.104601672,0.05555705,HIF1A,1
GO:0061387,regulation of extent of cell growth, 1/10,105/18614,0.05501155,0.104601672,0.05555705,SPP1,1
GO:0009135,purine nucleoside diphosphate metabolic process, 1/10,106/18614,0.055522106,0.104963982,0.055749483,HIF1A,1
GO:0009179,purine ribonucleoside diphosphate metabolic process, 1/10,106/18614,0.055522106,0.104963982,0.055749483,HIF1A,1
GO:0032526,response to retinoic acid, 1/10,107/18614,0.056032414,0.105020754,0.055779637,COL1A1,1
GO:0090277,positive regulation of peptide hormone secretion, 1/10,107/18614,0.056032414,0.105020754,0.055779637,HIF1A,1
GO:1901655,cellular response to ketone, 1/10,107/18614,0.056032414,0.105020754,0.055779637,SPP1,1
GO:0002793,positive regulation of peptide secretion, 1/10,109/18614,0.057052286,0.106023511,0.056312231,HIF1A,1
GO:0036503,ERAD pathway, 1/10,109/18614,0.057052286,0.106023511,0.056312231,CCDC47,1
GO:0120034,positive regulation of plasma membrane bounded cell projection assembly, 1/10,109/18614,0.057052286,0.106023511,0.056312231,TAPT1,1
GO:0010717,regulation of epithelial to mesenchymal transition, 1/10,110/18614,0.05756185,0.106367812,0.056495099,COL1A1,1
GO:0090263,positive regulation of canonical Wnt signaling pathway, 1/10,110/18614,0.05756185,0.106367812,0.056495099,COL1A1,1
GO:0051341,regulation of oxidoreductase activity, 1/10,111/18614,0.058071165,0.1067078,0.056675677,HIF1A,1
GO:0071347,cellular response to interleukin-1, 1/10,111/18614,0.058071165,0.1067078,0.056675677,HIF1A,1
GO:0006090,pyruvate metabolic process, 1/10,112/18614,0.058580234,0.107043547,0.056854002,HIF1A,1
GO:1905954,positive regulation of lipid localization, 1/10,112/18614,0.058580234,0.107043547,0.056854002,SPP1,1
GO:0002062,chondrocyte differentiation, 1/10,113/18614,0.059089054,0.107375123,0.057030112,HIF1A,1
GO:0044344,cellular response to fibroblast growth factor stimulus, 1/10,113/18614,0.059089054,0.107375123,0.057030112,COL1A1,1
GO:0001938,positive regulation of endothelial cell proliferation, 1/10,115/18614,0.060105953,0.108921285,0.057851324,HIF1A,1
GO:0009185,ribonucleoside diphosphate metabolic process, 1/10,116/18614,0.060614031,0.10893919,0.057860834,HIF1A,1
GO:0032006,regulation of TOR signaling, 1/10,116/18614,0.060614031,0.10893919,0.057860834,HIF1A,1
GO:0048640,negative regulation of developmental growth, 1/10,116/18614,0.060614031,0.10893919,0.057860834,SPP1,1
GO:0071887,leukocyte apoptotic process, 1/10,117/18614,0.061121862,0.109551753,0.058186185,HIF1A,1
GO:0002065,columnar/cuboidal epithelial cell differentiation, 1/10,118/18614,0.061629446,0.110160536,0.058509527,HIF1A,1
GO:0030278,regulation of ossification, 1/10,119/18614,0.062136783,0.11076557,0.058830879,HIF1A,1
GO:0032355,response to estradiol, 1/10,120/18614,0.062643873,0.111065894,0.05899039,COL1A1,1
GO:0071774,response to fibroblast growth factor, 1/10,120/18614,0.062643873,0.111065894,0.05899039,COL1A1,1
GO:0042471,ear morphogenesis, 1/10,123/18614,0.064163664,0.113453809,0.060258682,RPL38,1
GO:0001838,embryonic epithelial tube formation, 1/10,126/18614,0.065681236,0.114898375,0.061025934,HIF1A,1
GO:0003206,cardiac chamber morphogenesis, 1/10,126/18614,0.065681236,0.114898375,0.061025934,HIF1A,1
GO:0003231,cardiac ventricle development, 1/10,126/18614,0.065681236,0.114898375,0.061025934,HIF1A,1
GO:0021987,cerebral cortex development, 1/10,126/18614,0.065681236,0.114898375,0.061025934,HIF1A,1
GO:0048593,camera-type eye morphogenesis, 1/10,127/18614,0.066186601,0.115474495,0.061331928,HIF1A,1
GO:0007368,determination of left/right symmetry, 1/10,129/18614,0.067196593,0.116261781,0.061750079,HIF1A,1
GO:0042542,response to hydrogen peroxide, 1/10,129/18614,0.067196593,0.116261781,0.061750079,COL1A1,1
GO:0046683,response to organophosphorus, 1/10,129/18614,0.067196593,0.116261781,0.061750079,COL1A1,1
GO:0007266,Rho protein signal transduction, 1/10,130/18614,0.06770122,0.116261781,0.061750079,COL1A2,1
GO:0030218,erythrocyte differentiation, 1/10,130/18614,0.06770122,0.116261781,0.061750079,HIF1A,1
GO:0051209,release of sequestered calcium ion into cytosol, 1/10,130/18614,0.06770122,0.116261781,0.061750079,TMEM38B,1
GO:0010595,positive regulation of endothelial cell migration, 1/10,131/18614,0.068205601,0.116517902,0.061886113,HIF1A,1
GO:0051283,negative regulation of sequestering of calcium ion, 1/10,131/18614,0.068205601,0.116517902,0.061886113,TMEM38B,1
GO:0051282,regulation of sequestering of calcium ion, 1/10,133/18614,0.069213628,0.117872502,0.062605581,TMEM38B,1
GO:0009132,nucleoside diphosphate metabolic process, 1/10,134/18614,0.069717273,0.117872502,0.062605581,HIF1A,1
GO:0048565,digestive tract development, 1/10,134/18614,0.069717273,0.117872502,0.062605581,HIF1A,1
GO:0060972,left/right pattern formation, 1/10,134/18614,0.069717273,0.117872502,0.062605581,HIF1A,1
GO:0043467,regulation of generation of precursor metabolites and energy, 1/10,135/18614,0.070220672,0.118418409,0.062895529,HIF1A,1
GO:0030879,mammary gland development, 1/10,136/18614,0.070723827,0.118525156,0.062952225,HIF1A,1
GO:0071333,cellular response to glucose stimulus, 1/10,136/18614,0.070723827,0.118525156,0.062952225,HIF1A,1
GO:0007498,mesoderm development, 1/10,137/18614,0.071226737,0.118525156,0.062952225,RPL38,1
GO:0031929,TOR signaling, 1/10,137/18614,0.071226737,0.118525156,0.062952225,HIF1A,1
GO:0051208,sequestering of calcium ion, 1/10,137/18614,0.071226737,0.118525156,0.062952225,TMEM38B,1
GO:0060048,cardiac muscle contraction, 1/10,138/18614,0.071729401,0.118525156,0.062952225,TMEM38B,1
GO:0071331,cellular response to hexose stimulus, 1/10,138/18614,0.071729401,0.118525156,0.062952225,HIF1A,1
GO:0072175,epithelial tube formation, 1/10,138/18614,0.071729401,0.118525156,0.062952225,HIF1A,1
GO:0009855,determination of bilateral symmetry, 1/10,139/18614,0.072231821,0.118690301,0.063039939,HIF1A,1
GO:0034101,erythrocyte homeostasis, 1/10,139/18614,0.072231821,0.118690301,0.063039939,HIF1A,1
GO:0009799,specification of symmetry, 1/10,140/18614,0.072733996,0.118690301,0.063039939,HIF1A,1
GO:0071326,cellular response to monosaccharide stimulus, 1/10,140/18614,0.072733996,0.118690301,0.063039939,HIF1A,1
GO:1903008,organelle disassembly, 1/10,140/18614,0.072733996,0.118690301,0.063039939,HIF1A,1
GO:0070555,response to interleukin-1, 1/10,141/18614,0.073235926,0.119212822,0.063317465,HIF1A,1
GO:0010977,negative regulation of neuron projection development, 1/10,143/18614,0.074239053,0.120546581,0.064025864,SPP1,1
GO:0010508,positive regulation of autophagy, 1/10,146/18614,0.075741911,0.121483359,0.064523414,HIF1A,1
GO:0030177,positive regulation of Wnt signaling pathway, 1/10,146/18614,0.075741911,0.121483359,0.064523414,COL1A1,1
GO:0050714,positive regulation of protein secretion, 1/10,146/18614,0.075741911,0.121483359,0.064523414,HIF1A,1
GO:0055123,digestive system development, 1/10,146/18614,0.075741911,0.121483359,0.064523414,HIF1A,1
GO:0062013,positive regulation of small molecule metabolic process, 1/10,146/18614,0.075741911,0.121483359,0.064523414,HIF1A,1
GO:0045667,regulation of osteoblast differentiation, 1/10,147/18614,0.076242376,0.121987802,0.064791339,SUCO,1
GO:0071456,cellular response to hypoxia, 1/10,149/18614,0.077242574,0.123185878,0.065427673,HIF1A,1
GO:0050768,negative regulation of neurogenesis, 1/10,150/18614,0.077742307,0.123185878,0.065427673,SPP1,1
GO:0061351,neural precursor cell proliferation, 1/10,150/18614,0.077742307,0.123185878,0.065427673,HIF1A,1
GO:2000377,regulation of reactive oxygen species metabolic process, 1/10,150/18614,0.077742307,0.123185878,0.065427673,HIF1A,1
GO:0010821,regulation of mitochondrion organization, 1/10,151/18614,0.078241797,0.123279532,0.065477415,HIF1A,1
GO:0007612,learning, 1/10,152/18614,0.078741043,0.123279532,0.065477415,HIF1A,1
GO:0016331,morphogenesis of embryonic epithelium, 1/10,152/18614,0.078741043,0.123279532,0.065477415,HIF1A,1
GO:0043535,regulation of blood vessel endothelial cell migration, 1/10,152/18614,0.078741043,0.123279532,0.065477415,HIF1A,1
GO:0071322,cellular response to carbohydrate stimulus, 1/10,152/18614,0.078741043,0.123279532,0.065477415,HIF1A,1
GO:0032368,regulation of lipid transport, 1/10,153/18614,0.079240046,0.123765405,0.065735476,SPP1,1
GO:0035148,tube formation, 1/10,154/18614,0.079738805,0.124140762,0.06593484,HIF1A,1
GO:0043524,negative regulation of neuron apoptotic process, 1/10,155/18614,0.080237321,0.124140762,0.06593484,HIF1A,1
GO:0050770,regulation of axonogenesis, 1/10,155/18614,0.080237321,0.124140762,0.06593484,SPP1,1
GO:0060041,retina development in camera-type eye, 1/10,155/18614,0.080237321,0.124140762,0.06593484,HIF1A,1
GO:0051961,negative regulation of nervous system development, 1/10,156/18614,0.080735595,0.124507612,0.066129685,SPP1,1
GO:0001678,intracellular glucose homeostasis, 1/10,157/18614,0.081233625,0.124507612,0.066129685,HIF1A,1
GO:0036294,cellular response to decreased oxygen levels, 1/10,157/18614,0.081233625,0.124507612,0.066129685,HIF1A,1
GO:0048592,eye morphogenesis, 1/10,157/18614,0.081233625,0.124507612,0.066129685,HIF1A,1
GO:0002181,cytoplasmic translation, 1/10,159/18614,0.082228957,0.125446967,0.066628604,RPL38,1
GO:0016241,regulation of macroautophagy, 1/10,159/18614,0.082228957,0.125446967,0.066628604,HIF1A,1
GO:0016052,carbohydrate catabolic process, 1/10,162/18614,0.083720136,0.127425544,0.067679485,HIF1A,1
GO:0021915,neural tube development, 1/10,163/18614,0.084216711,0.12758929,0.067766455,HIF1A,1
GO:0050796,regulation of insulin secretion, 1/10,163/18614,0.084216711,0.12758929,0.067766455,HIF1A,1
GO:0001959,regulation of cytokine-mediated signaling pathway, 1/10,165/18614,0.085209134,0.128795373,0.068407042,HIF1A,1
GO:0003205,cardiac chamber development, 1/10,166/18614,0.085704983,0.128950616,0.068489496,HIF1A,1
GO:0031960,response to corticosteroid, 1/10,166/18614,0.085704983,0.128950616,0.068489496,COL1A1,1
GO:1903034,regulation of response to wounding, 1/10,170/18614,0.087685959,0.131629265,0.069912206,SPP1,1
GO:0002262,myeloid cell homeostasis, 1/10,171/18614,0.088180599,0.132069572,0.070146066,HIF1A,1
GO:0010970,transport along microtubule, 1/10,172/18614,0.088674997,0.132206359,0.070218718,HIF1A,1
GO:0071453,cellular response to oxygen levels, 1/10,172/18614,0.088674997,0.132206359,0.070218718,HIF1A,1
GO:0006937,regulation of muscle contraction, 1/10,173/18614,0.089169155,0.132341551,0.070290522,TMEM38B,1
GO:2001242,regulation of intrinsic apoptotic signaling pathway, 1/10,173/18614,0.089169155,0.132341551,0.070290522,HIF1A,1
GO:0010634,positive regulation of epithelial cell migration, 1/10,176/18614,0.09065018,0.134235932,0.071296684,HIF1A,1
GO:0010469,regulation of signaling receptor activity, 1/10,177/18614,0.091143373,0.134359669,0.071362405,HIF1A,1
GO:0060759,regulation of response to cytokine stimulus, 1/10,177/18614,0.091143373,0.134359669,0.071362405,HIF1A,1
GO:0008361,regulation of cell size, 1/10,178/18614,0.091636326,0.134783475,0.0715875,SPP1,1
GO:0043534,blood vessel endothelial cell migration, 1/10,179/18614,0.092129038,0.135205031,0.071811401,HIF1A,1
GO:0035265,organ growth, 1/10,180/18614,0.092621509,0.135624353,0.072034115,TMEM38B,1
GO:0006941,striated muscle contraction, 1/10,182/18614,0.093605731,0.136456354,0.072476016,TMEM38B,1
GO:1905952,regulation of lipid localization, 1/10,182/18614,0.093605731,0.136456354,0.072476016,SPP1,1
GO:0006109,regulation of carbohydrate metabolic process, 1/10,183/18614,0.094097481,0.136695718,0.072603149,HIF1A,1
GO:0021543,pallium development, 1/10,184/18614,0.094588991,0.136695718,0.072603149,HIF1A,1
GO:0048469,cell maturation, 1/10,184/18614,0.094588991,0.136695718,0.072603149,HIF1A,1
GO:0001936,regulation of endothelial cell proliferation, 1/10,185/18614,0.095080261,0.136695718,0.072603149,HIF1A,1
GO:0045766,positive regulation of angiogenesis, 1/10,185/18614,0.095080261,0.136695718,0.072603149,HIF1A,1
GO:1904018,positive regulation of vasculature development, 1/10,185/18614,0.095080261,0.136695718,0.072603149,HIF1A,1
GO:0030324,lung development, 1/10,186/18614,0.095571292,0.136695718,0.072603149,TMEM38B,1
GO:1903169,regulation of calcium ion transmembrane transport, 1/10,186/18614,0.095571292,0.136695718,0.072603149,TMEM38B,1
GO:0007565,female pregnancy, 1/10,187/18614,0.096062082,0.136695718,0.072603149,SPP1,1
GO:0008217,regulation of blood pressure, 1/10,187/18614,0.096062082,0.136695718,0.072603149,COL1A2,1
GO:0019722,calcium-mediated signaling, 1/10,187/18614,0.096062082,0.136695718,0.072603149,TMEM38B,1
GO:0030323,respiratory tube development, 1/10,190/18614,0.097533016,0.138189327,0.073396449,TMEM38B,1
GO:0031099,regeneration, 1/10,190/18614,0.097533016,0.138189327,0.073396449,SPP1,1
GO:0030308,negative regulation of cell growth, 1/10,191/18614,0.098022848,0.138584027,0.073606086,SPP1,1
GO:0090276,regulation of peptide hormone secretion, 1/10,192/18614,0.098512441,0.138976691,0.073814642,HIF1A,1
GO:0009749,response to glucose, 1/10,194/18614,0.09949091,0.139843794,0.074275186,HIF1A,1
GO:0002791,regulation of peptide secretion, 1/10,195/18614,0.099979785,0.139843794,0.074275186,HIF1A,1
GO:0031345,negative regulation of cell projection organization, 1/10,195/18614,0.099979785,0.139843794,0.074275186,SPP1,1
GO:0120032,regulation of plasma membrane bounded cell projection assembly, 1/10,195/18614,0.099979785,0.139843794,0.074275186,TAPT1,1
GO:0009060,aerobic respiration, 1/10,196/18614,0.100468422,0.140016224,0.074366769,HIF1A,1
GO:0030073,insulin secretion, 1/10,197/18614,0.10095682,0.140016224,0.074366769,HIF1A,1
GO:0060491,regulation of cell projection assembly, 1/10,197/18614,0.10095682,0.140016224,0.074366769,TAPT1,1
GO:0090087,regulation of peptide transport, 1/10,197/18614,0.10095682,0.140016224,0.074366769,HIF1A,1
GO:0009746,response to hexose, 1/10,199/18614,0.101932901,0.141071694,0.07492736,HIF1A,1
GO:0001935,endothelial cell proliferation, 1/10,201/18614,0.102908027,0.141822827,0.075326309,HIF1A,1
GO:0097553,calcium ion transmembrane import into cytosol, 1/10,201/18614,0.102908027,0.141822827,0.075326309,TMEM38B,1
GO:1902075,cellular response to salt, 1/10,204/18614,0.10436893,0.143534629,0.076235498,COL1A1,1
GO:0034284,response to monosaccharide, 1/10,207/18614,0.105827691,0.144631178,0.076817908,HIF1A,1
GO:0044703,multi-organism reproductive process, 1/10,207/18614,0.105827691,0.144631178,0.076817908,SPP1,1
GO:1902115,regulation of organelle assembly, 1/10,207/18614,0.105827691,0.144631178,0.076817908,TAPT1,1
GO:1901654,response to ketone, 1/10,208/18614,0.10631347,0.144993007,0.077010085,SPP1,1
GO:0002064,epithelial cell development, 1/10,210/18614,0.107284314,0.146013506,0.077552103,HIF1A,1
GO:0060541,respiratory system development, 1/10,211/18614,0.10776938,0.146370007,0.077741451,TMEM38B,1
GO:0030705,cytoskeleton-dependent intracellular transport, 1/10,212/18614,0.108254209,0.146422188,0.077769166,HIF1A,1
GO:0099111,microtubule-based transport, 1/10,212/18614,0.108254209,0.146422188,0.077769166,HIF1A,1
GO:0008016,regulation of heart contraction, 1/10,213/18614,0.108738801,0.146775007,0.077956559,TMEM38B,1
GO:0045637,regulation of myeloid cell differentiation, 1/10,214/18614,0.109223156,0.147126058,0.078143012,HIF1A,1
GO:0009612,response to mechanical stimulus, 1/10,215/18614,0.109707273,0.147475351,0.078328532,COL1A1,1
GO:0044706,multi-multicellular organism process, 1/10,216/18614,0.110191154,0.147822898,0.078513125,SPP1,1
GO:0071805,potassium ion transmembrane transport, 1/10,217/18614,0.110674799,0.14816871,0.078696796,TMEM38B,1
GO:0007179,transforming growth factor beta receptor signaling pathway, 1/10,218/18614,0.111158207,0.148252518,0.078741308,COL1A2,1
GO:0043523,regulation of neuron apoptotic process, 1/10,219/18614,0.111641378,0.148252518,0.078741308,HIF1A,1
GO:0046034,ATP metabolic process, 1/10,219/18614,0.111641378,0.148252518,0.078741308,HIF1A,1
GO:1901215,negative regulation of neuron death, 1/10,219/18614,0.111641378,0.148252518,0.078741308,HIF1A,1
GO:0006457,protein folding, 1/10,220/18614,0.112124313,0.148293446,0.078763046,CCDC47,1
GO:0007601,visual perception, 1/10,220/18614,0.112124313,0.148293446,0.078763046,COL1A1,1
GO:0043583,ear development, 1/10,221/18614,0.112607011,0.148632192,0.078942965,RPL38,1
GO:0010810,regulation of cell-substrate adhesion, 1/10,222/18614,0.113089473,0.148969266,0.079121995,COL1A1,1
GO:0050953,sensory perception of light stimulus, 1/10,224/18614,0.11405369,0.149938318,0.079636687,COL1A1,1
GO:0050679,positive regulation of epithelial cell proliferation, 1/10,225/18614,0.114535444,0.150270503,0.07981312,HIF1A,1
GO:0031669,cellular response to nutrient levels, 1/10,230/18614,0.116940682,0.153119934,0.081326538,COL1A1,1
GO:0022618,ribonucleoprotein complex assembly, 1/10,231/18614,0.117421023,0.153137557,0.081335897,RPL38,1
GO:0048588,developmental cell growth, 1/10,231/18614,0.117421023,0.153137557,0.081335897,SPP1,1
GO:0010594,regulation of endothelial cell migration, 1/10,232/18614,0.117901129,0.153154734,0.081345021,HIF1A,1
GO:0050769,positive regulation of neurogenesis, 1/10,232/18614,0.117901129,0.153154734,0.081345021,HIF1A,1
GO:0051651,maintenance of location in cell, 1/10,233/18614,0.118381,0.153171471,0.08135391,TMEM38B,1
GO:2001234,negative regulation of apoptotic signaling pathway, 1/10,233/18614,0.118381,0.153171471,0.08135391,HIF1A,1
GO:0009743,response to carbohydrate, 1/10,234/18614,0.118860636,0.153187774,0.08136257,HIF1A,1
GO:0060560,developmental growth involved in morphogenesis, 1/10,234/18614,0.118860636,0.153187774,0.08136257,SPP1,1
GO:0071356,cellular response to tumor necrosis factor, 1/10,235/18614,0.119340037,0.153504048,0.081530552,COL1A1,1
GO:0072593,reactive oxygen species metabolic process, 1/10,237/18614,0.120298135,0.154433614,0.082024272,HIF1A,1
GO:0030072,peptide hormone secretion, 1/10,238/18614,0.120776833,0.154745317,0.082189826,HIF1A,1
GO:0071826,ribonucleoprotein complex subunit organization, 1/10,239/18614,0.121255295,0.155055504,0.082354576,RPL38,1
GO:0006813,potassium ion transport, 1/10,241/18614,0.122211518,0.155974233,0.08284254,TMEM38B,1
GO:0002790,peptide secretion, 1/10,243/18614,0.123166804,0.156584154,0.083166487,HIF1A,1
GO:0045333,cellular respiration, 1/10,243/18614,0.123166804,0.156584154,0.083166487,HIF1A,1
GO:0009205,purine ribonucleoside triphosphate metabolic process, 1/10,244/18614,0.123644096,0.156886899,0.083327284,HIF1A,1
GO:0060047,heart contraction, 1/10,247/18614,0.125074569,0.158075995,0.083958848,TMEM38B,1
GO:0071695,anatomical structure maturation, 1/10,247/18614,0.125074569,0.158075995,0.083958848,HIF1A,1
GO:0042593,glucose homeostasis, 1/10,248/18614,0.125550927,0.158075995,0.083958848,HIF1A,1
GO:0051259,protein complex oligomerization, 1/10,248/18614,0.125550927,0.158075995,0.083958848,COL1A2,1
GO:0009144,purine nucleoside triphosphate metabolic process, 1/10,249/18614,0.126027051,0.158075995,0.083958848,HIF1A,1
GO:0033500,carbohydrate homeostasis, 1/10,249/18614,0.126027051,0.158075995,0.083958848,HIF1A,1
GO:0016485,protein processing, 1/10,250/18614,0.126502941,0.158370094,0.084115053,BMP1,1
GO:0009199,ribonucleoside triphosphate metabolic process, 1/10,251/18614,0.126978598,0.158662782,0.084270508,HIF1A,1
GO:0090257,regulation of muscle system process, 1/10,254/18614,0.128404172,0.160122266,0.085045684,TMEM38B,1
GO:0008654,phospholipid biosynthetic process, 1/10,255/18614,0.128878897,0.160122266,0.085045684,TMEM38B,1
GO:1903320,regulation of protein modification by small protein conjugation or removal, 1/10,255/18614,0.128878897,0.160122266,0.085045684,HIF1A,1
GO:0034612,response to tumor necrosis factor, 1/10,257/18614,0.12982765,0.160954428,0.085487669,COL1A1,1
GO:0003015,heart process, 1/10,259/18614,0.130775473,0.160954428,0.085487669,TMEM38B,1
GO:0015833,peptide transport, 1/10,259/18614,0.130775473,0.160954428,0.085487669,HIF1A,1
GO:0034976,response to endoplasmic reticulum stress, 1/10,259/18614,0.130775473,0.160954428,0.085487669,CCDC47,1
GO:0051402,neuron apoptotic process, 1/10,259/18614,0.130775473,0.160954428,0.085487669,HIF1A,1
GO:0060828,regulation of canonical Wnt signaling pathway, 1/10,260/18614,0.131249035,0.161212448,0.085624712,COL1A1,1
GO:0031668,cellular response to extracellular stimulus, 1/10,261/18614,0.131722366,0.161212448,0.085624712,COL1A1,1
GO:1903522,regulation of blood circulation, 1/10,261/18614,0.131722366,0.161212448,0.085624712,TMEM38B,1
GO:0003007,heart morphogenesis, 1/10,262/18614,0.132195465,0.161466466,0.085759628,HIF1A,1
GO:0001894,tissue homeostasis, 1/10,263/18614,0.132668331,0.161466466,0.085759628,SPP1,1
GO:0060249,anatomical structure homeostasis, 1/10,263/18614,0.132668331,0.161466466,0.085759628,SPP1,1
GO:0071216,cellular response to biotic stimulus, 1/10,264/18614,0.133140966,0.161741617,0.085905769,CCDC47,1
GO:0051924,regulation of calcium ion transport, 1/10,266/18614,0.134085539,0.162588011,0.086355314,TMEM38B,1
GO:0009141,nucleoside triphosphate metabolic process, 1/10,269/18614,0.135500663,0.164000803,0.087105689,HIF1A,1
GO:0021537,telencephalon development, 1/10,270/18614,0.135971908,0.164268088,0.087247653,HIF1A,1
GO:0090150,establishment of protein localization to membrane, 1/10,271/18614,0.136442922,0.164534112,0.087388946,CCDC47,1
GO:0032868,response to insulin, 1/10,272/18614,0.136913705,0.164798882,0.087529573,COL1A1,1
GO:0050708,regulation of protein secretion, 1/10,275/18614,0.138324668,0.166192276,0.088269646,HIF1A,1
GO:0007611,learning or memory, 1/10,276/18614,0.138794528,0.166451938,0.08840756,HIF1A,1
GO:0051962,positive regulation of nervous system development, 1/10,280/18614,0.140671661,0.168395273,0.089439723,HIF1A,1
GO:0043542,endothelial cell migration, 1/10,283/18614,0.142077093,0.169767893,0.090168762,HIF1A,1
GO:0010721,negative regulation of cell development, 1/10,286/18614,0.143480456,0.171133054,0.090893839,SPP1,1
GO:0034599,cellular response to oxidative stress, 1/10,290/18614,0.145348394,0.173046363,0.091910055,HIF1A,1
GO:0019932,second-messenger-mediated signaling, 1/10,292/18614,0.146280987,0.173841173,0.092332202,TMEM38B,1
GO:0001666,response to hypoxia, 1/10,293/18614,0.14674694,0.174079552,0.092458812,HIF1A,1
GO:0010632,regulation of epithelial cell migration, 1/10,295/18614,0.147678159,0.174868,0.09287758,HIF1A,1
GO:0015850,organic hydroxy compound transport, 1/10,296/18614,0.148143425,0.17510286,0.093002321,SPP1,1
GO:0042254,ribosome biogenesis, 1/10,298/18614,0.149073273,0.175885013,0.093417746,RPL38,1
GO:0097193,intrinsic apoptotic signaling pathway, 1/10,301/18614,0.150466331,0.177209898,0.094121432,HIF1A,1
GO:0034504,protein localization to nucleus, 1/10,304/18614,0.151857337,0.178208252,0.094651687,COL1A1,1
GO:0048872,homeostasis of number of cells, 1/10,304/18614,0.151857337,0.178208252,0.094651687,HIF1A,1
GO:0036293,response to decreased oxygen levels, 1/10,306/18614,0.152783535,0.178974998,0.095058929,HIF1A,1
GO:0051222,positive regulation of protein transport, 1/10,309/18614,0.154171125,0.180278535,0.095751276,HIF1A,1
GO:0007162,negative regulation of cell adhesion, 1/10,312/18614,0.15555667,0.181575045,0.096439891,COL1A1,1
GO:0060070,canonical Wnt signaling pathway, 1/10,313/18614,0.156018064,0.181790142,0.096554135,COL1A1,1
GO:0050890,cognition, 1/10,317/18614,0.157861372,0.183611808,0.097521676,HIF1A,1
GO:0021700,developmental maturation, 1/10,319/18614,0.158781666,0.184355351,0.097916593,HIF1A,1
GO:0016236,macroautophagy, 1/10,322/18614,0.160160411,0.185504258,0.098526812,HIF1A,1
GO:0008202,steroid metabolic process, 1/10,323/18614,0.160619541,0.185504258,0.098526812,SPP1,1
GO:0009416,response to light stimulus, 1/10,323/18614,0.160619541,0.185504258,0.098526812,HIF1A,1
GO:1904951,positive regulation of establishment of protein localization, 1/10,325/18614,0.161537122,0.186236119,0.098915526,HIF1A,1
GO:0071496,cellular response to external stimulus, 1/10,327/18614,0.1624538,0.18663694,0.099128413,COL1A1,1
GO:1901214,regulation of neuron death, 1/10,327/18614,0.1624538,0.18663694,0.099128413,HIF1A,1
GO:0048638,regulation of developmental growth, 1/10,328/18614,0.162911801,0.186835912,0.099234093,SPP1,1
GO:0016042,lipid catabolic process, 1/10,330/18614,0.163827127,0.187557758,0.099617487,SPP1,1
GO:0062012,regulation of small molecule metabolic process, 1/10,331/18614,0.164284452,0.187753659,0.099721536,HIF1A,1
GO:0051604,protein maturation, 1/10,332/18614,0.164741551,0.187948622,0.099825086,BMP1,1
GO:0007265,Ras protein signal transduction, 1/10,333/18614,0.165198426,0.188142652,0.099928142,COL1A2,1
GO:0060562,epithelial tube morphogenesis, 1/10,334/18614,0.165655076,0.188335754,0.100030704,HIF1A,1
GO:0015980,energy derivation by oxidation of organic compounds, 1/10,337/18614,0.167023677,0.189287509,0.100536209,HIF1A,1
GO:0030111,regulation of Wnt signaling pathway, 1/10,338/18614,0.167479428,0.189287509,0.100536209,COL1A1,1
GO:0043010,camera-type eye development, 1/10,338/18614,0.167479428,0.189287509,0.100536209,HIF1A,1
GO:0071214,cellular response to abiotic stimulus, 1/10,339/18614,0.167934955,0.189287509,0.100536209,COL1A1,1
GO:0104004,cellular response to environmental stimulus, 1/10,339/18614,0.167934955,0.189287509,0.100536209,COL1A1,1
GO:0090287,regulation of cellular response to growth factor stimulus, 1/10,345/18614,0.170663407,0.191772037,0.101855816,HIF1A,1
GO:1904062,regulation of monoatomic cation transmembrane transport, 1/10,346/18614,0.171117366,0.191772037,0.101855816,TMEM38B,1
GO:0051235,maintenance of location, 1/10,347/18614,0.1715711,0.191772037,0.101855816,TMEM38B,1
GO:0010506,regulation of autophagy, 1/10,348/18614,0.172024612,0.191772037,0.101855816,HIF1A,1
GO:0006936,muscle contraction, 1/10,349/18614,0.172477899,0.191772037,0.101855816,TMEM38B,1
GO:0042886,amide transport, 1/10,349/18614,0.172477899,0.191772037,0.101855816,HIF1A,1
GO:0045765,regulation of angiogenesis, 1/10,349/18614,0.172477899,0.191772037,0.101855816,HIF1A,1
GO:0062197,cellular response to chemical stress, 1/10,349/18614,0.172477899,0.191772037,0.101855816,HIF1A,1
GO:0031346,positive regulation of cell projection organization, 1/10,353/18614,0.174288818,0.193457639,0.102751089,TAPT1,1
GO:0032535,regulation of cellular component size, 1/10,354/18614,0.17474099,0.193631907,0.102843648,SPP1,1
GO:1901342,regulation of vasculature development, 1/10,355/18614,0.175192939,0.193805342,0.102935764,HIF1A,1
GO:0031589,cell-substrate adhesion, 1/10,359/18614,0.176998508,0.1954731,0.10382156,COL1A1,1
GO:0070588,calcium ion transmembrane transport, 1/10,360/18614,0.177449344,0.19564163,0.103911071,TMEM38B,1
GO:0050878,regulation of body fluid levels, 1/10,361/18614,0.177899958,0.19580935,0.104000152,HIF1A,1
GO:0010038,response to metal ion, 1/10,367/18614,0.180598979,0.198115268,0.105224894,HIF1A,1
GO:0060271,cilium assembly, 1/10,367/18614,0.180598979,0.198115268,0.105224894,TAPT1,1
GO:0010631,epithelial cell migration, 1/10,371/18614,0.182393894,0.199750241,0.106093276,HIF1A,1
GO:0009306,protein secretion, 1/10,373/18614,0.183290023,0.199887177,0.106166007,HIF1A,1
GO:0070997,neuron death, 1/10,373/18614,0.183290023,0.199887177,0.106166007,HIF1A,1
GO:0035592,establishment of protein localization to extracellular region, 1/10,374/18614,0.183737756,0.199887177,0.106166007,HIF1A,1
GO:0090132,epithelium migration, 1/10,374/18614,0.183737756,0.199887177,0.106166007,HIF1A,1
GO:0006644,phospholipid metabolic process, 1/10,375/18614,0.184185268,0.200042278,0.106248386,TMEM38B,1
GO:0090130,tissue migration, 1/10,379/18614,0.18597311,0.201650182,0.107102391,HIF1A,1
GO:2001233,regulation of apoptotic signaling pathway, 1/10,381/18614,0.186865708,0.20228367,0.107438856,HIF1A,1
GO:0071692,protein localization to extracellular region, 1/10,382/18614,0.187311676,0.202432388,0.107517844,HIF1A,1
GO:1902074,response to salt, 1/10,383/18614,0.187757424,0.202580379,0.107596446,COL1A1,1
GO:0001654,eye development, 1/10,385/18614,0.188648261,0.203207322,0.107929435,HIF1A,1
GO:0150063,visual system development, 1/10,389/18614,0.190427297,0.204787388,0.108768654,HIF1A,1
GO:0140694,non-membrane-bounded organelle assembly, 1/10,390/18614,0.190871506,0.204929146,0.108843946,RPL38,1
GO:0048880,sensory system development, 1/10,395/18614,0.193089268,0.206971503,0.109928702,HIF1A,1
GO:0044782,cilium organization, 1/10,396/18614,0.193532163,0.207041797,0.109966038,TAPT1,1
GO:0030900,forebrain development, 1/10,397/18614,0.193974839,0.207041797,0.109966038,HIF1A,1
GO:0001701,in utero embryonic development, 1/10,398/18614,0.194417297,0.207041797,0.109966038,HIF1A,1
GO:0007178,transmembrane receptor protein serine/threonine kinase signaling pathway, 1/10,398/18614,0.194417297,0.207041797,0.109966038,COL1A2,1
GO:0009100,glycoprotein metabolic process, 1/10,401/18614,0.195743359,0.208116116,0.11053664,HIF1A,1
GO:0009615,response to virus, 1/10,408/18614,0.198829866,0.211055651,0.112097915,HIF1A,1
GO:1903706,regulation of hemopoiesis, 1/10,415/18614,0.201905709,0.213974386,0.113648142,HIF1A,1
GO:0007018,microtubule-based movement, 1/10,417/18614,0.202782567,0.214557039,0.113957606,HIF1A,1
GO:0050678,regulation of epithelial cell proliferation, 1/10,419/18614,0.203658558,0.215136899,0.114265586,HIF1A,1
GO:0001558,regulation of cell growth, 1/10,420/18614,0.204096229,0.215252614,0.114327046,SPP1,1
GO:0030099,myeloid cell differentiation, 1/10,421/18614,0.204533682,0.21536773,0.114388188,HIF1A,1
GO:0010959,regulation of metal ion transport, 1/10,423/18614,0.205407941,0.215941682,0.114693031,TMEM38B,1
GO:0007409,axonogenesis, 1/10,427/18614,0.207153865,0.217081367,0.115298351,SPP1,1
GO:0043434,response to peptide hormone, 1/10,427/18614,0.207153865,0.217081367,0.115298351,COL1A1,1
GO:0010720,positive regulation of cell development, 1/10,432/18614,0.209331414,0.21901341,0.116324516,HIF1A,1
GO:0043161,proteasome-mediated ubiquitin-dependent protein catabolic process, 1/10,439/18614,0.212370941,0.221839709,0.117825648,CCDC47,1
GO:0009410,response to xenobiotic stimulus, 1/10,440/18614,0.212804299,0.221938983,0.117878375,COL1A1,1
GO:0048732,gland development, 1/10,441/18614,0.213237443,0.222037718,0.117930816,HIF1A,1
GO:0009150,purine ribonucleotide metabolic process, 1/10,445/18614,0.214967874,0.223131211,0.118511603,HIF1A,1
GO:0051656,establishment of organelle localization, 1/10,445/18614,0.214967874,0.223131211,0.118511603,HIF1A,1
GO:0032102,negative regulation of response to external stimulus, 1/10,446/18614,0.215399947,0.223226485,0.118562206,SPP1,1
GO:0006869,lipid transport, 1/10,447/18614,0.215831805,0.223321237,0.118612531,SPP1,1
GO:0031331,positive regulation of cellular catabolic process, 1/10,450/18614,0.217126096,0.224138017,0.119046348,HIF1A,1
GO:0003012,muscle system process, 1/10,452/18614,0.217987889,0.224138017,0.119046348,TMEM38B,1
GO:0009314,response to radiation, 1/10,452/18614,0.217987889,0.224138017,0.119046348,HIF1A,1
GO:0010975,regulation of neuron projection development, 1/10,452/18614,0.217987889,0.224138017,0.119046348,SPP1,1
GO:0006816,calcium ion transport, 1/10,455/18614,0.219278977,0.22511269,0.119564025,TMEM38B,1
GO:0016055,Wnt signaling pathway, 1/10,461/18614,0.221855399,0.227401784,0.120779831,COL1A1,1
GO:0198738,cell-cell signaling by wnt, 1/10,463/18614,0.222712504,0.227924185,0.121057294,COL1A1,1
GO:0009259,ribonucleotide metabolic process, 1/10,464/18614,0.223140738,0.228006736,0.121101139,HIF1A,1
GO:1903829,positive regulation of protein localization, 1/10,468/18614,0.224851552,0.22939754,0.121839836,HIF1A,1
GO:0019693,ribose phosphate metabolic process, 1/10,473/18614,0.2269853,0.23121484,0.122805058,HIF1A,1
GO:0022613,ribonucleoprotein complex biogenesis, 1/10,475/18614,0.227837318,0.231722915,0.123074912,RPL38,1
GO:0034765,regulation of monoatomic ion transmembrane transport, 1/10,478/18614,0.22911376,0.232660413,0.123572844,TMEM38B,1
GO:0061564,axon development, 1/10,479/18614,0.229538819,0.232731785,0.123610752,SPP1,1
GO:0007264,small GTPase mediated signal transduction, 1/10,483/18614,0.231236944,0.234091722,0.124333055,COL1A2,1
GO:0022411,cellular component disassembly, 1/10,488/18614,0.233354864,0.235508909,0.125085765,HIF1A,1
GO:0050673,epithelial cell proliferation, 1/10,488/18614,0.233354864,0.235508909,0.125085765,HIF1A,1
GO:0001819,positive regulation of cytokine production, 1/10,489/18614,0.233777818,0.235573346,0.12511999,HIF1A,1
GO:0019221,cytokine-mediated signaling pathway, 1/10,492/18614,0.235045418,0.236125259,0.125413127,HIF1A,1
GO:0090066,regulation of anatomical structure size, 1/10,492/18614,0.235045418,0.236125259,0.125413127,SPP1,1
GO:0016049,cell growth, 1/10,495/18614,0.23631113,0.237033794,0.125895677,SPP1,1
GO:0001667,ameboidal-type cell migration, 1/10,496/18614,0.236732615,0.237094039,0.125927675,HIF1A,1
GO:0010876,lipid localization, 1/10,497/18614,0.237153891,0.237153891,0.125959464,SPP1,1